feature,cat_importance
battery_cv_scen_mean,18.778954728215325
pack_utilization_scen_mean,16.31375529226436
order_pressure_scen_std,12.687292024207853
order_per_station_scen_mean,12.497064095709096
max_zone_density_scen_mean,11.382527573185861
risk_index_scen_mean,7.191463803909907
layout_compactness,6.7730326809349135
zone_dispersion,5.198947241981645
congestion_score_scen_mean,4.988291493311759
avg_items_per_order,4.1886710662792765
