feature,lgb_importance
order_per_station_scen_mean,3185.4
pack_utilization_scen_mean,3067.8
battery_cv_scen_mean,2897.4
layout_compactness,2895.8
zone_dispersion,2884.4
risk_index_scen_mean,2537.4
order_pressure_scen_std,2339.4
max_zone_density_scen_mean,2247.4
congestion_score_scen_mean,1993.6
avg_items_per_order,1541.4
